Comparison,Metric,diff_mean,diff_CI95,p_paired_t,p_permutation,cohens_d_paired,n_seeds,p_holm,significant_5pct_holm
MADDPG vs TD3,sum_rate,0.12363348865417711,0.24096789339658886,0.26432280644402284,0.3359375,0.42900573194680336,8,0.26432280644402284,False
